I437
Ratnesh Panwala : 2nd year : svnit,surat 7 , gujarat : ratneshpan@yahoo.co.in
Hiten gajjar : 2nd year : svnit,surat : hit_gajjar@yahoo.co.in
Mehul shah : 2nd year : svnit,surat : mms_svnit@yaahoo.co.in
4/1955,begumpura,nawabwadi,surat-395003	,gujarat,india
i


I438
amit janmejai : 3 : UPTU. : amit_janmejai@indiatimes.com
yougesh chaturvedi : 3 : uptu : amit_janmejai@indiatimes.com
manoj singh : 3 : uptu : amit_janmejai@indiatimes.com
AMIT JANMEJAI
D-2095 INDIRA NAGAR LUCKNOW U.P. INDIA
i


I439
Sriram Emani : first year : IIT Bombay : sriramemani@iitb.ac.in
 :  :  : 
 :  :  : 
B603, Sagittarius, Kharodi,
Malad west, Mumbai 95
i


I440
Karumuri Bhanu Pratap : III rd yr  : Pune University : kbpratap1983@yahoo.co.in, kbp_ait@yahoo.com
Malavika Dave : III rd yr : Pune University : malsis_1@yahoo.co.in, malsis@rediffmail.com
Bharat Kumar Pannu : IIIrd yr : Pune University : bharat4heatpipes@yahoo.com
Army Institute of Technology
Alandi Rd, Dighi Hills
Pune 411015
Maharashtra
i


I441
Satish Newatia : Third Year : Pune University : satishnewatia@hotmail.com
Abhay Nirantar : Third Year : Pune University : abhaynirantar@yahoo.co.in
Atul Pawar : Third Year : Pune University : atulkrishnapawar@yahoo.co.in
Satish Newatia, Flat No. 24, Snehal Apartments, Opposite Kachara Depot, Dutt Nagar, Paud Road, Kothrud, Pune - 411038.
i


I442
Pradip Bhattacharya : 3rd : Mumbai University : sakecit@yahoo.com
Vaibhav Fegde : 3rd : Mumbai : sakecit@yahoo.com
Ajinkya Halwalkar : 3rd : Mumbai : sakecit@yahoo.com
Premsagar Housing Society,
E-34,Flat No:- 0:2,
Sector :-29,
Vashi,Navi Mumbai 400703
India
i


I443
Ashish Mohan : F.E : University Of Mumbai : amohan@vsnl.net
Aditya Kaul : F.E : University Of Mumbai : adityakaul@rediffmail.com
Anish Mohan : B.E : University Of Mumbai : anish_mohan2@hotmail.com
Ashish Mohan
d-22 kapilvastu
Anushakti NAgar
Mumbai-400094
Ph;022-25584555
i


I444
bhupendre singh parmar : 1st : indian school of mines,dhanbad : bhupendre_ism@yahoo.com
vatan vindal : 1st : indian school of mines,dhanbad : vatan_vindal@yahoo.com
 :  :  : 
G-55, salestax quarter, housing board colony, morena (m.p.) 476001
i


I445
Sahil Chaudhry : 1st year : iit guwahati : chaudhry_sahil_iitg@yahoo.co.in
puneet chhabra : 1st year : iit guwahati : chhabra@iitg.ernet.in
gaurav jindal : 1st year : iit guwahati : jindalg@iit.ernet.in
room no 125,dihing,iit guwahati,north guwahati,guwahati,781039,assam
i


I446
Sandeep : 2003-04 : Choithram school : sandeep_agrawal_2004
none :  :  : 
none :  :  : 
567-A Santosh kuti M.G.road Indore
i



I447
Sandeep : 2003-04 : Choithram school : sandeep_agrawal_2004 @yahoo.com
none :  :  : 
none :  :  : 
567-A Santosh kuti M.G.road Indore
i


I448
sahil chaudhry : 1st year : iitg : chaudhry_sahil_iitg@yahoo.co.in
puneet chhabra : 1st year : iitg : chhabra@iitg.ernet.in
abhishek kumar singh : 1st year : iitg : singhak@iitg.ernet.in
room no 125,dihing hostel,iit guwahati,north guwahati,assam
i


I449
amol shanbhag : 4th year BE : mumbai university vesit college : amolrs@rediffmail.com
moresh kokane : 4th yr : vesit  : moreshk@rediffmail.com
sandeep ingale : 4th BE : vesit : omsai2@rediffmail.com
9/3 purandhar 
5th pandurang wadi
goregaon east
mumbai 400063
i


I450
fgdfg : fdsf : sdf : fdgf@yfdsf.com
 :  :  : 
 :  :  : 
fdfdsf
i


I451
sunit gupta : 2 : iitb : pm@me.iitb.ac.in
prashant mittal : 2 : iitb : pm@me.iitb.ac.in
rohit bharill  : 2 : iitb : bharill@me.iitb.ac.in
room 243 h-9 iit bombay 
i


I452
sunil kundal : first : iit mumbai : sunil_kundal@iitb.ac.in
vivek arya : first : iit mumbai : vivek_arya@iitb.ac.in
siddharth mishra : first : iit mumbai : sidmishra@iitb.ac.in
sunil kundal
room no. 53
hostel no.8
iit bombay
powai 
i


I453
swapnil kashinath khachane : second year : pune university : swapnil63@rediffmail.com
 :  :  : 
 :  :  : 
Shreyas plot no. 73,Ramadas plots,Near Suhrud soca., Canada Corner,Nashik-422005
i


I454
Aniruddha Choudhary : 3rd : IIT Bombay : aniruddha_choudhary@rediffmail.com
 :  :  : 
 :  :  : 
room no. 260 hostel 4 IIT Bombay 400076
i


I455
nipun gupta : IInd year : IIT bombay : nipun_gup@iitb.ac.in
 :  :  : 
 :  :  : 
H-13 C-414 IIT BOMBAY,
POWAI,MUMBAI-400076
i


I456
abhishek jain : 2nd year : iit bombay : j.abhishek@iitb.ac.in
sukrit sharma : 2nd year : iit bombay : sukuxyz@rediffmail.com
 :  :  : 
hostel 13,room no c-409,iit bombay,powai,mumbai
i


I457
Ajit Barve : Third Year  : Mumbai University : ajitvb1@rediffmail.com
Kauntey Pandit : Third Year : Mumbai University : kaunteypandit@hotmail.com
 :  :  : 
9, Om Abhiram, Ram Mandir Road, Vile Parle (E). Mumbai-400057
i


I458
prajakta savarkar : third year engineering : mumbai university : prajasa@hotmail.com
minal ogale : third year engineering : mumbai university : minal_ogale@yahoo.co.in
nitya g. : third year engineering : mumbai university : 
minal ogale
91,brahmanwadi;
k.a.s. road;
matunga,mumbai 400 019
i


I459
TARUN AGARWAL : 2 : IITB : atarun@ee.ittb.ac.in
PIYUSH NAHAR : 2 : IITB : nahar@ee.iitb.ac.in
MAYANK DOBHAL : 1 : IITB : mayankdobhal@iitb.ac.in
ROOM NO 24 ,HOSTEL 2 ,IITB,POWAI
i


I460
anshul jain : second : IIT bombay : anshulj@me.iitb.ac.in
suneet gupta : second : IIT bombay : suneet4u@iitb.ac.in
neha khandelwal : second : IIT bombay : nehak@me.iitb.ac.in
h6/119 iit bombay , powai mumbai - 76
i


I461
rohit bharill : second : IIT bombay : rohitbharill@hotmail.com
prashant mittal : second : IIT bombay : pacific@iitb.ac.in
rupal agrawal : second : IIT bombay : rupal@me.iitb.ac.in
h9 room no. 391 iit bombay powaii
i


I462
anand singh : 2nd : iitb : anands_iitb@rediffmail.com
 :  :  : 
 :  :  : 
C-123,hostel-13,iitb
i


I463
Sumit H. joge : Second : M. S. University,  Baroda. : sumit_joge2004@yahoo.com
Prasad A, Vaidya : Second : M. S. University,  Baroda. : sumit_joge2004@yahoo.com
Pratik Proothi : Second : M. S. University,  Baroda. : sumit_joge2004@yahoo.com
A\\7 Gajanan park, Opp. Shivanjali soc.,gidc manjalpur road, manjalpur, baroda 390011.
i


I464
sandeep agarwal : 2004 : choithram school, indore : nitika_doohan@rediffmail.com
girish : 2004 : choithram school, indore : nitika_doohan@rediffmail.com
 :  :  : 
choithram school
manik bagh road
indore
m.p.
i


I465
akanksha dayal : 3rd : mumbai university : wishhme@yahoo.co.in
rohan barsaiya : 3rd : mumbai university : rohan_barsaiya@rediffmail.com
harsh gandi : 3rd : mumbai university : harsh_gandi@hotmail.com
15-C Gulmarg Anushaktinagar Mumbai-94
i


I466
deepak singh : third : bbdnitm, lucknow : deepak_semicon@yahoo.co.in
robin singh : third : bbdnitm, lucknow : robin_bbd@yahoo.com
shantanu srivastva : third : bbdnitm, lucknow : deepak_semicon@yahoo.co.in
17/13 indira nagar lucknow 226016 u.p
i


I467
B.Sai Krishna Kumar : 2nd BTech : IIT Bombay : sai@me.iitb.ac.in
B.Sirish : 2nd BTech : IIT Bombay : sirish@aero.iitb.ac.in
Sirpa Pavan Kumar : 2nd BTech : IIT Bombay : pavan@me.iitb.ac.in
Room #162,Hostel-8,IIT Bombay,Powai,
Mumbai-400 076
i


I468
Shailesh S. Parab. : Final : Mumbai : shailu_engg@rediffmail.com
Shishir S. Parab. : First : BTE (Diploma) : 
Satyavan Raoundhal. : Final : Mumbai : satya4uok@rediffmail.com
b.no. 28,887, pokaran rd.no. 1, Vartaknagar ,Thane-400606
i


I469
siddharth joshi : 1st year : IIT bombay : siddjoshi@iitb.ac.in
naresh  sharma : 1st year : IITbombay : naresh_sr@iitb.ac.in
 :  :  : 
hostel -13 
room no a-211,IIT bombay
i


I470
ROHITASHWA CHOUDHARY : 1st : IIT BOMBAY : rohit_abhis@yahoo.co.in
PRAKHIL  BILAYE : 1ST : IIT B : bindas_prakhil@yahoo.com
ASHOK KUMAR : 1 ST : IIT B : ashokr@iitb.ac.in
A103 H13 IIT BOMBAY ,POWAI,MUMBAI,INDIA
i


I471
abhishek chopra : first : iitb : abhishekchopra@iitb.ac.in
hitesh manwani : first : iitb : hiteshm@iitb.ac.in
 :  :  : 
#148,h-3,iitb
i


I472
siddharth joshi : 1 st : IIT BOMBAY : sidjoshi@iitb.ac.in
bhuvan sharma : 1ST : IIT B : bhuvan_12@iitb.ac.in
naresh  : 1 ST : IIT B : naresh_sr@iitb.ac.in
room no A 211 ,hostel 13,iit bombay,powai,mumbai,76,india
i


I473
siddharth joshi : 1 st : IIT BOMBAY : sidjoshi@iitb.ac.in
bhuvan sharma : 1ST : IIT B : bhuvan_12@iitb.ac.in
naresh  : 1 ST : IIT B : naresh_sr@iitb.ac.in
room no A 211 ,hostel 13,iit bombay,powai,mumbai,76,india
i


I474
siddharth joshi : 1 st : IIT BOMBAY : sidjoshi@iitb.ac.in
bhuvan sharma : 1ST : IIT B : bhuvan_12@iitb.ac.in
naresh  : 1 ST : IIT B : naresh_sr@iitb.ac.in
room no A 211 ,hostel 13,iit bombay,powai,mumbai,76,india
i


I475
siddharth joshi : 1 st : IIT BOMBAY : sidjoshi@iitb.ac.in
bhuvan sharma : 1ST : IIT B : bhuvan_12@iitb.ac.in
naresh  : 1 ST : IIT B : naresh_sr@iitb.ac.in
room no A 211 ,hostel 13,iit bombay,powai,mumbai,76,india
i


