I101Surabhi Ganguly : Final (Fourth) : Pune : bambli321@yahoo.com
Jaidev Amrite : Final : Pune : jamrite@yahoo.com
 :  :  : 
B8 Mont Vert, 140/1A Pashan Sus Road, Pune-411021
i



I102Sunil Karunakaran : Final Year : Pune University : getsk@yahoo.com
Sharifuddin Inamdar : Final Year : Pune University : inamdar_sharif
Nitish Kumar : Final Year : Pune University : onlynitish@rediffmail.com
C/o Dr.S. Malegaonkar, 13, Sangam Society, Bebwewadi, Pune-37, Mahaashtra
i


I103Kamat Mahesh Keshav : IV year B.E. (Biomedical) : Manipal Institute of Technology,Manipal,Karnataka : mahesh_kamat@yahoo.com
K.V.Sharat Chandra : IV B.E. (Electronics & Communication) : Manipal Institute of Technology,Manipal,Karnataka : 
Deepak Shenoy B. : IV B.E. (Electronics & Communication) : Manipal Institute of Technology,Manipal,Karnataka : deepakshenoy2000@yahoo.co.in
6/21 Versova View,St.Louis convent road,
Andheri(west),MUMBAI-400053
i


I104Swapnil Sansare. : 2nd year : MSBTE : swapsan@hotmail.com
 :  :  : 
 :  :  : 
b-39/156 sidharth ngr,
goregaon (W.),
mumbai-400 062
i


I105Ranjit Madhavrao Deshmukh : 2nd year : Swami Ramanand Tirth Marathwara 
University : ranjit_md84@yahoo.com
akshay amrutrao kulkarni : : same : akki_kulkarni@yahoo.com
onkar bharat vazarkar : : :
swami ramanand teerth marathwada university nanded
T.E.(EC&T)
postal address:
r.b.kulkarni c\\o akshay kulkarni,95 guruprasad ,ganesh nagar
nanded 431602
i


I106Nitin Bhargava : 2nd : (Jss noida)UPTECH : nitin_bhargava3@yahoo.co.in
Ratul Snigdha : 2nd : UPTECH(Jss noida) : ratul_snig2@yahoo.com
 :  :  : 
1098 JANAKPURI, BAREILLY(U.P)243001
i


I107Ratul Snigdha : 2nd : uptech : ratul_snig2@yahoo.com
Nitin Bhargava : 2nd : uptech : nitin_bhargava3@indiatimes.com
 :  :  : 
1098 Janakpuri,Bareilly (up)
i


I108Fahad Azad : Second Yr : Mumbai University [MHSS] : 
azad2fm@hotmail.com
Muddassir Parack : B. E : Mumbai University [MHSS] : itsmehere@rediffmail.com
Afaque Azad : Second Yr : RAI Univ : afaq_azad@hotmail.com
Fahad Azad
C/o Muddassir Parack
132 Kambekar Street
4th Floor
132/4 Kambekar Street
Fine Mansion
Mumbai 400003
Maharashtra, India
i



I109harish verma : 2 : deemd : harish_verma420@yahoo.com
mukesh kumar mittal  : 2 : deemd : mukesh_chem2003@yahoo.com
 :  :  : 
harish verma
hostel 2,room number AS-1
SVNIT
SURAT,GUJARAT
i


I110Siddharth Advani : T.E (Third Year) : Pune University (A.I.S.S.M.S  C.O.E) : spartan_sid@hotmail.com
Saurabh Vardhan : B.E (Fourth Year) : Pune University (A.I.S.S.M.S  C.O.E) : saurabhvardhan@hotmail.com
Behlul Poonawalla : B.E (Fourth Year) : Pune University (A.I.S.S.M.S  C.O.E) : behlulp@vsnl.net
405, Shirin Apts, Synagogue Street, Camp, 
Pune 411001
i


I111Neelaish Srivastava : Final : U.P.Technical  : neelaishknitmail@indiatimes.com
Abhishek Sahu : Final : U.P.Technical  : neelaishknitmail@indiatimes.com
 :  :  : 
L-16,New Hostel,K.N.I.T,Sultanpur,U.P.,Pin-228118
i


I112Manish Chawley  : Second : IIT Bombay : chawley@iitb.ac.in
Aashwit Mahajan : Second : IIT Bombay : aashwit@ee.iitb.ac.in
Priyesh Neema  : Second : IIT Bombay : topriyesh@rediffmail.com
Room 113 , Hostel 5 , IIT Bombay , Powai , Mumbai - 400076 
i


I113Vibha Bamba : Third Year Engineering  : Mumbai University : vibha_11@yahoo.com
Asim Bhalerao : Third Year Engineering : Pune University : asim_bhalerao@hotmail.com
Priyanka Ankolekar : Third Year Engineering : Mumbai University : 
121 Hassamahal,
Dalamal Park,
Cuffee Parade,
Colaba,
Mumbai 400005.
i


I114vikas : 3rd  : sardar patel university : singhsinghvikas@hotmail.com
 :  :  : 
 :  :  : 
a-7 muktidham soc.,
new sama road,
vadodara,gujarat
i


I115Vinayak Vasantrao Jagtap : Second Year Engineering(2003-04) : Pune University : peachsun_v@yahoo.com
Krunal Ramdasji Kantale : Second Year Engineering(2003-04) : Pune University : crazykrunal23@rediffmail.com
Srinivas Choudhary : Second Year Engineering(2003-04) : Pune University : 
B-27,Sinhgad Boy\'s Hostel,
Vadgaon(bk), Pune-41
i


I116Vinayak Vasantrao Jagtap : Second Year Engineering(2003-04) : Pune University : peachsun_v@yahoo.com
Krunal Ramdasji Kantale : Second Year Engineering(2003-04) : Pune University : crazykrunal23@rediffmail.com
Srinivas Choudhary : Second Year Engineering(2003-04) : Pune University : 
B-27,Sinhgad Boy\'s Hostel,
Vadgaon(bk), Pune-41
i


I117Patel Gopal R : 3rd B.E. : North Gujarat University : patelgopal84@indiatimes.com
Chemburker ketan : 3rd B.E. : North Gujarat University : 
Jani Tejas : 3rd B.E. : North Gujarat University : 
42,JagaBhai Park
D-4 ,Soham appt,
Maninagar,Ahmedabad - 380008
Gujarat,India
i


I118P Aditya Kumar : Third : Maharaja Sayajirao University of Baroda : adi_p1984@yahoo.com
 :  :  : 
 :  :  : 
2/15 Anik Apts, Nr. L J Commerce College, Vastrapur, Ahmedabad 380015
i


I119Prateek Agrawal : 3rd Year : IIT Bombay : prateek@phys.iitb.ac.in
Sumiran Pujari : 3rd Year : IIT Bombay : sumiran@phys.iitb.ac.in
Sarthak Mishra : 2nd Year : IIT Bombay : sarthak@me.iitb.ac.in
Room No 239, Hostel 6, IIT Bombay		
i


I120Prateek Agrawal : 3rd Year : IIT Bombay : prateek@phys.iitb.ac.in
Sumiran Pujari : 3rd Year : IIT Bombay : sumiran@phys.iitb.ac.in
Sarthak Mishra : 2nd Year : IIT Bombay : sarthak@me.iitb.ac.in
Room No 239, Hostel 6, IIT Bombay		
i


I121gdfgd : 2 : dsfs : fsdfs@yahoo.com
sdkfs : 2 : ssd : asda@yahoo.com
kasja : 2 : sfsfsd : ss@yahoo.com
sfsh,mumbai,india
i


I122gopi krishnan : 2nd year  : iit bombay : pokemon@iitb.ac.in
rohit sharma : 2nd year : iit bombay : rohits@iitb.ac.in
saurabh kumar : 2nd year : iit bombay : a.saurabh@iitb.ac.in
gopi krishnan
hostel 4
room no 270 ,iit bombay-40076
i


I123M V S Sasidhar : B.E 3/4 Mechanical : M V S R Engg College,Osmania University : mvs_sasidhar@yahoo.com
M Jayant Kumar : B.E 3/4 Mechanical : M V S R Engg College,Osmania University : mvs_sasidhar@yahoo.com
 :  :  : 
#F8,2-2-1149/1,Thirumala Enclave,Tilaknagar,New Nallakunta-44
i


I124Ravikiran Deshpande : IIIrd : Nagpur : rkindia99@yahoo.com
Makrand Marpakwar : IIIrd : Nagpur : makrand05@rediff.com
Abhishek Ingole : IIIrd : Nagpur : rkindia99@yahoo.com
57- A,Shankar Nagar, Nagpur 440010 
i


I125U VINAY SATYA TRINADH : BE 2nd year : NATIONAL INSTITUTE OF TECHNOLOGY SURAT (SVNIT) : kingkasi_410@yahoo.co.uk
SHARADA PRASAD GAUTAM : BE-2nd year : NATIONAL INSTITUTE OF TECHNOLOGY SURAT (SVNIT) : spgautam@smartsuart.com
PRASANNA KUMAR SINGH : BE-2nd YEAR : NATIONAL INSTITUTE OF TECHNOLOGY SURAT (SVNIT) : prasanna_sikku@yahoo.com
SPGAUTAM, 
ROOM NO:-AF-3,
HOSTEL NO 3,
SARABHAI BHAVAN,
SVNIT,
ICHCHANATH,
SURAT,
GUJARAT,
PINCODE :- 395007.

i


I126ajay pratap singh : second : iit madras : ajay_iitmadras@yahoo.com
hafiz imtiaz hasan : second : iit madras : hafiz_imtiaz2002@yahoo.co.uk
manish kumar : second : iit madras : manish_iitm@mail.com
145, saraswathi hostel iit madras, chennai 
600036
i


I127Jignesh Parmar : 3rd : Dhyaneshwar Vidhyapeeth : j.com@india.com
B.Harikrishna : 3rd : Dhyaneshwar Vidhyapeeth : 2meethari@indiainfo.com
Manjushri Raut :  : Dhyaneshwar Vidhyapeeth : mcraut@hotmail.com
20/Ishadan soc , Near Anand nagar, Paud road, Kothrud, Pune-411038, Maharastra.
i


I128Amitbikram Acharya : 3rd : IIT Bombay : amitbikram@iitb.ac.in
V.C.Dheeraj : 3rd : IIT Bombay : dheeraj@me.iitb.ac.in
Mohit Gupta : 3rd : IIT Bombay : mohitg@iitb.ac.in
room # 149,hostel 5,
IIT Bombay,Powai,Mumbai

i


I129sanyam t shah : 3RD YEAR : DEEMED UNIVERSITY,NADIAD : sanyams@yahoo.com
 :  :  : 
 :  :  : 
SHAH SANYAM T (COMPUTER- V-SEM)
DDIT,NADIAD
i


I130LAKSHYA MALHOTRA : 1st  year : IIT-GUWAHATI : luckyrock1234@yahoo.com
RAJPREET SINGH : 1st  year : IIT-GUWAHATI : rajpreetsingh123@yahoo.co.in
 :  :  : 
D-2/87 janak puri new delhi 
pincode-110058
i


I131Parikshit asher : 3rd year : pune university : pabbe83@hotmail.com
gautam dighe : 3rd yr : pune : dighegautam@yahoo.com
dhiman ghosh : 3RD YEAR : PUNE : 
LEUTANANT COLONEL KALRA,BLOCK E,FLAT 201,KUMAR PRERNA APARTMENTS,AUNDH-BANER,NEAR MEDI POINT HOSPITAL,PUNE.
i


I132ganesh achyutrao  bhosle : Third   Year : S.R.T.M.U.Nanded, (Maharastra) : ganesh_a_bhosle@indiatimes.com
kuldeep   ganeshrao  taur  : Third   Year : S.R.T.M.U.Nanded, (Maharastra) : kukuadventure@yahoo.com
anshul   shirish   talokar : Third   Year : S.R.T.M.U.Nanded, (Maharastra) : jajuscar@yahoo.co.in
Ganesh A Bhosle,
T.E (EXTC),
SGGSCOE&T,   Vishnupuri
Nanded   (Maharastra)
i


I133Amit Kumar Kalindi : B-Tech, 1st Year : Indian Institute of Technology-Guwahati  : kalindi@iitg.ernet.in
Ravi Kumar Patni : 1ST year : IITG : rkpatni@iitg.ernet.in
 :  :  : 
S/o Mr. H.B.Kalindi,C.S.D Depot, Piru Lines , Jaipur Cantt , Jaipur-302006, Rajasthan.
Room No.-145,Dihing Hostel, IIT-Guwahati, North Guwahati-781031, Assam.
i


I134Vibhor Rastogi : 3rd year : UPTECH : v_rastogi_20@yahoo.com
Arvind Yadav : 3rd : UPTECH : arvind_567@yahoo.com
 :  :  : 
160-D Saket,Meerut,U.P.
i


I135Sushant Bhalerao : Third : Pune : sushantbhalerao@hotmail.com
Shreyasee Barve : second :  Mumbai : shreyaseebarve@hotmail.com
 :  :  : 
464 B/2 Antaral Society,
Dhotre road,
Pune 411 01
i


I136Abhishek Thakkar : BTech Final year : IIT Bombay (Civil) : thakkar@iitb.ac.in
Pranav : MDes 1st year (VC) : IIT Bombay (IDC) : 
Bhanu Pratap : MDes 1st year (PD) : IIT Bombay(IDC) : 
Hostel 5, Room 142, IITB
i


I137tekgndsk : gksfhksfh : gkdfhk : alpha@yahoo.com
 :  :  : 
 :  :  : 
dhsfkhaq ld ,sfhmfk;hmfkdj 
i


I138tekgndsk : gksfhksfh : gkdfhk : alpha@yahoo.com
 :  :  : 
 :  :  : 
dhsfkhaq ld ,sfhmfk;hmfkdj 
i


I139gopal krishna somani : 2003 : mumbai : gopalkrishnasomani@yahoo.com
bidyut rajkonwar : 2003 : mumbai : rajkonwar_bidyut@rediffmail.com
 :  :  : 
vjti hostels hostel c-54,h.r.mahajani marg matunga mumbai 400019
i


I140sangram krishna mali : T.E. (Electronics) : shivaji university. kolhapur. : itsmesangram@yahoo.com
 :  :  : 
 :  :  : 
Infront of jayhind theater,
C/O K.J.Mali.
Islampur, 409415.
District- sangli, Tal- walwa.
Phone no. 222167
i


I141rishabh kasliwal : 2nd : i.i.t. bombay : rishkas@ee.iitb.ac.in
nachiket kale : 2nd : i.i.t. bombay : nachiket@rediffmail.com
 :  :  : 
room no. 33,h-2,i.i.t. bombay
i


I142shah vishal s. : 2004 : Gujarat University : vishal_4794@yahoo.co.in
sohagiya chetan b. : 2004 : Gujarat University : sohagiya@yahoo.com
iyer vivek v. : 2004 : Gujarat University : vvek4444@yahoo.com
G/2,Aishwarya app,opp. gandhipark soc,nr. ambaji mata\'s temple, maninagar, ahmedabad - 380008.
i


I143Anshul Bansal : Final Year : Saurashtra University : bansalanshul@yahoo.com
Amit Babaria : 3rd Year : Saurashtra University : amit_babaria@epatra.com
Kaushal Doshi : Final year : Saurashtra University : kjdoshi@yahoo.com
Atmiya Institute of Technology and Science, 
Yogidham,
Kalawad Road,
Rajkot 360005
i


I144K Sandeep : 4th : IIT Madras : ksandeep23@yahoo.co.in
Gautam Prakash : 2nd : IIT Madras : g_prakash84@hotmail.com
Janit Kumar Pagaria : 2nd : IIT Madras  : jthemarsian@yahoo.com
318, Alaknanda Hostel,
IIT Madras,
Chennai - 600036.
i


I145P.Girish : 3rd : U.P.Technical University, JSS ATE NOIDA : girishgk@yahoo.com
Ruchir Sinha : 4th : Indraprastha University JSS ATE NOIDA IP Centre : ruchir_sinha@hotmail.com
Saurabh Chawla : 4th : U.P.Technical University JSS ATE NOIDA : 
I-149/B, Sec-22, Noida
i


I146T.M.Deepak : second : Anna University : tmdeepak2002@yahoo.co.in
vignesh : first : Anna Universtity : 
karthikeyan : first : Anna University : valpaiyan@yahoo.com
T.M.Deepak
Department of Mechanical Enigneering 
Anna University, Guindy
Chennai-600 025
i


I147Koustubh Moharir : III year : IIT BOMBAY : koustubh@me.iitb.ac.in
Vivek Anand : III year : IIT BOMBAY : anandv@me.iitb.ac.in
Aditya Bhakta : III year : IIT BOMBAY : baditya@me.iitb.ac.in
Hostel # 7,Room No. 181,
IIT BOMBAY,Powai
Mumbai=400076
Maharashtra
i


I148CHETAN KURKURE : 2003 : IIT BOMBAY : ck@me.iitb.ac.in
SOHEB AHMED : 2003 : IIT BOMBAY : soheb@me.iitb.ac.in
SANDEEP DHAR : 2003 : IIT BOMBAY : sandeep_dhar@iitb.ac.in
H-4. ROOM NO 396.
IITB POWAI
400076
i


I149NAGARAJAN.S : SECOND YEAR(B\'TECH  2002-2006) : NATIONAL INSTITUTE OF TECHNOLOGY,ROURKELA : 10203055@nitrkl.ac.in
RAMANA REDDY.N : SECOND YEAR(B\'TECH 2002-2006) : NATIONAL INSTITUTE OF TECH NOLOGY,ROURKELA : 10203051@nitrkl.ac.in
KRISHNA .Y . KAMATH : SECOND YEAR(B\'TECH 2002-2006) : NATIONAL INSTITUTE OF TECHNOLOGY,ROURKELA : 10206026@nitrkl.ac.in
RAMANA REDDY N 
ROOM NO. 66
HALL NO.3
NATIONAL INSTITUTE OF TECHNOLOGY, ROURKELA
ROURKELA-769008
ORISSA STATE
i


I150DAROGA MISHRA : Third Year : University Of Pune : daroga141183@yahoo.com
KOUSTUBH MOHARIL : Third Year : University Of Pune : -----
HARISH VENKATESAN : Third Year : University Of Pune : harvenk@yahoo.co.in
HARISH VENKATESAN, I-1,SIDDHI NAGARI,VIDYASAGAR SCY,BIBVEWADI,PUNE-37
i


I151Deepak sharma : 3 rd year : IIT Bombay : deepaks@me.iitb.ac.in
supreet reddy : 3 rd year : IIT Bombay : supreet@me.iitb.ac.in
hemant joshi : 3 rd year : IIT Bombay : hemant@me.iitb.ac.in
#150, H7 , IIT BOMBAY ,POWAI.

i


I152Malay Maniar : 2nd year : Nirma Inst. of Tech. A\'bad. : maniarmalay@icenet.net
Bhasmang Mankodi : 2nd year : Nirma Inst. of Tech. A\'bad. : bhasmang03@icenet.net
 :  :  : 
Malay Maniar,
Vrindavan Dham,
Behind Dena Bank,
Near Railway Crossing,
Naranpura,
Ahmedabad 380013
i


I153Malay Maniar : 2nd year : Nirma Inst. of Tech. A\'bad. : maniarmalay@icenet.net
Bhasmang Mankodi : 2nd year : Nirma Inst. of Tech. A\'bad. : bhasmang03@icenet.net
 :  :  : 
Malay Maniar,
Vrindavan Dham,
Behind Dena Bank,
Near Railway Crossing,
Naranpura,
Ahmedabad 380013
i


I154dhval limbachiya : 4th year : c.e.p.t. : dhaval_15in@yahoo.com
akbar nazim : 4th year : c.e.p.t : akbarportfolio@yahoo.com
dilip panchal : 4 th year : c.e.p.t : dpanchal_22@yahoo.co.in
dhaval limbachiya,
3,jayvir flat,
virnagar society,
near kiranpark,nava wadaj,
ahmedabad-380013
gujarat,india
i


I155Deepak Tiwari : B.E. second : RGPV,  BHOPAL : tiwarideepak16@yahoo.com
Tarun Bahadur : B.E. final : RGPV ,Bhopal : tarunbahadur@rediffmail.com
 :  :  : 
hostel - 3 , room -76 , jabalpur engg college 
Ranjhi , Jabalpur (M.P.)
i


I156Ashutosh Singh : 2nd year : Indian School of Mines , Dhanbad : ashu_rags_mi@yahoo.co.in
Himanshu Singh : 2nd year : Indian School of Mines,Dhanbad : himanshu_8322@yahoo.co.in
Alok Shukla : 2nd year : ISM,Dhanbad : alok_shukla@ismd.ac.in
ashutosh singh
room no 34
topaz hostel
ISM ,Dhanbad-826004
INDIA
i


I157Nandan D. LImaye : Third Year : Shivaji University : nandandl@indiatimes.com
Ashish H. Mahadik : Third Year : Shivaji University : ahmahadik@indiainfo.com
 :  :  : 
1331/16 E WARD, MONALISA APPARTMENT, ASHWINI NAGAR, KOLHAPUR 416 008
i


I158Sandesh C : 2nd : National Institute of Technology Karnataka : mec02047@nitk.ac.in
Kartik M Sivaraman : 2nd : National Institute of Technology Karnataka : mec02095@nitk.ac.in
Ananda D V : 2nd : National Institute of technology Karnataka : ananda_dv@yahoo.com
Room no.38,2nd hostel block,
NITK Surathkal,
Srinivasnagar,
Mangalore-575925.
Karnataka
i


I159bhupendre singh parmar : 1st : indian school of mines, dhanbad (jharkhand) : bhupendre_ism@yahoo.com
vatan vindal : 1st : indian school of mines, dhanbad (jharkhand) : vatan_vindal@yahoo.com
ullas dwivedi : 1st : indian school of mines, dhanbad (jharkhand) : xxxrb@yahoo.com
room no. 226, opal hostel, indian school of mines,dhanbad (jharkhand)
i


I160RAJA SEKAR.G. : 3rd YEAR : ANNA UNIVERSITY : raja_6784@yahoo.co.in
M.VENKATESAN : 3 rd YEAR : ANNA UNIVERSITY : grs_6784@yahoo.com
 :  :  : 
RAJA SEKAR.G.
S/O R.GAMNAPATHY,
HARSHA NANDHINI ILLAM,
P.G. COLONY
N.G.G.O COLONY(PO)
COIMBATORE 22.
TAMIL NADU
i


I161SARAVANA KUMAR.R. : 3rd YEAR : ANNA UNIVERSITY : grs_6784@yahoo.com
 :  :  : 
 :  :  : 
SARAVANA KUMAR
S/O R.RAMABATHARASAMY
6/180,K.PUNGAAMPALAYAM
KARAMADAI-641104
COIMBATORE(DT)
TAMIL NADU.
i


I162Sambit Palit : First : IIT Bombay : sambit@iitb.ac.in
Arunanshu. M. Roy : First : IIT Bombay : arunanshu@iitb.ac.in
Shaleen Harlalka : First : IIT Bombay : shaleenh@iitb.ac.in
Room 75, Hostel 4, IIT Bombay, India
i


I163Sambit Palit : First : IIT Bombay : sambit@iitb.ac.in
Arunanshu. M. Roy : First : IIT Bombay : arunanshu@iitb.ac.in
Shaleen Harlalka : First : IIT Bombay : shaleenh@iitb.ac.in
Room 75, Hostel 4, IIT Bombay, India
i


I164Apurva Mishra : final year(4 th) : nagpur university : apurva0628@yahoo.com
 :  :  : 
 :  :  : 
flat no.304,bld a-2,samrudhi sankul,amravati road, civil lines,nagpur-440001
i


I165Abhinav Srivastava : 1 st year : Rajasthan University : abhinav_sriv@yahoo.co.in
Abhishek Nimdia : 1 st year : Rajasthan University : abhishek_nim2004@yahoo.co.in
 :  :  : 
Abhinav Srivastava
c/o L.N. Sachdeva
1/29 n.e.b Housing Board
opp. Krishi Upaj Mandi
Alwar -301001
Rajasthan

Abhishek Nimdia
New Boys Hostel Room No. 103
Institute of Engg. and Technology
M.I.A
Alwar  -301001
Rajasthan
i


I166Saurabh J. Lele : B.E. (Final Year, Mechanical Engineering) : Mumbai University (DMCOE, Airoli) : saurabhlele@indiatimes.com
 :  :  : 
 :  :  : 
203/78, ARJUN,
Vasant Vihar,
Thane (W) 400 601
i


I167Saurabh J. Lele : B.E. (Final Year, Mechanical Engineering) : Mumbai University (DMCOE, Airoli) : saurabhlele@indiatimes.com
 :  :  : 
 :  :  : 
203/78, ARJUN,
Vasant Vihar,
Thane (W) 400 601
i


I168Sangram Krishna Mali. : T.E.(Electronics) : Shivaji university. : itsmesangram@yahoo.com
Sudarshan V. Sarolkar. : T.E.(Electronics) : shivaji  univesity. : itsmesangram@yahoo.com
 :  :  : 
In front of jayhind theater.
C\\O K.J.Mali.
Islampur.(415409).
district- sangli, Tal - walwa.
state - Maharashtra.
i


I169Anil : 2nd year : IIT,Bombay : kanilk@iitb.ac.in
Anshul Singal : 2nd year : IITB : anshul_chem@iitb.ac.in
Ankit Tanwar : 2nd year : IITB : ankit_tanwar@iitb.ac.in
Hostel#4,Room#245,IITB,Powai.
i


I170GAURI S. BORKAR : S.E. : S.N.D.T. : gaurisbc_13@rediffmail.com
 :  :  : 
 :  :  : 
D-301, ARPITA CHS., R.T. RD., DAHISAR(W), MUMBAI-400068.
i


I171NIKHIL CHORDIA : T.E. : Pune : chordianikhil@rediffmail.com
KUNAL DOSHI : T.E. :  Pune : kudos306@hotmail.com
KEDAR GUJRATHI : T.E. : Pune : chordianikhil2000@yahoo.com
8, shital kunj, vidyavihar colony,shivajinagar,
pune-411016

i


I172Soumya Mohapatra : btech 2nd year : IIT BOMBAY : spower1@iitb.ac.in
Gaurav Parmar : btech 2nd year : IIT BOMBAY : gauravp@iitb.ac.in
Sarmistha Pal : btech  2nd year : IIT BOMBAY : sarmistha@iitb.ac.in
soumya mohapatra
room no 181,
hostel no 4,
IIT powai,
mumbai.
india.
i


I173dave niraj k : 2nd : Gujarat Technical Eduction Board  : nkdgalaxy@yahoo.co.in
Solanki Jigar v : 3rd : gujarat uni. : 
 :  :  : 
12,ramanand flat,near balvatika,maninagar,ahmedabad-380008,gujarat.
i


I174amit kumar misra : first : indian school of mines : akm249@yahoo.com
narendra kumar verma : first : indian school of mines : 8538_ism@indiatimes.com
sunil kumar : first : indian school of mines : n8538_ism@yahoo.co.in
opal hostel room no.224 indian school of mines dhanbad jharkhand pin code 826004
i


I175dave niraj k : 2nd : Gujarat Technical Eduction Board  : nkdgalaxy@yahoo.co.in
Solanki Jigar v : 3rd : gujarat uni. : 
 :  :  : 
12,ramanand flat,near balvatika,maninagar, ahmedabad-380008,gujarat.
i


I176Puneet .H .S : II Year : NIT Surathkal Karnataka : eee02383@nitk.ac.in
 :  :  : 
 :  :  : 
No. 919 , 4 cross ,16 main ,BTM II stage,MICO LYT
Bangalore 560076
i


I177SIDDHARTH SINGH : 2nd : IIT MADRAS : siddharth_singh@yours.com
KUMAR NIKHIL : 2nd :  IIT MADRAS : nikhil_dokania@yahoo.com
ARPAN M NALWAYA : 2nd : IIT MADRAS : arpan22@indiatimes.com
ROOM NO.232,
MANDAKINI HOSTEL
IIT MADRAS
CHENNAI 600036
i


I178ravi jain : 1st year : indian institute of technology guwahati : ravijain_108@rediffmail.com
 :  :  : 
 :  :  : 
7601 neha appartment,sati jay mati road,athgaon,guwahati-781001,assam
i


I179DEEPAK MITTAL : under graduate : INDIAN SCHOOL OF MINES, DHANBAD(INDIA) : jerry_ism@rediffmail.com
 AMIT KUMAR BARANWAL : under graduate : INDIAN SCHOOL OF MINES, DHANBAD(INDIA) : world_of_amit@sify.com
BHARAT GARG : under graduate : INDIAN SCHOOL OF MINES, DHANBAD(INDIA) : 
deepak mittal
241,opal hostel
indian school of mines
dhanbad(jharkhand),INDIA
i


I180Saurabh Dagia : Second Year : IIT, Bombay : dagia@me.iitb.ac.in
Parag Ikhar : Second Year : IIT, Bombay : paragikhar@iitb.ac.in
 :  :  : 
Room No. 237, Hostel 9, IIT Bombay, Powai, Mumbai 400 076
i


I181RAHUL CHOUBEY : FIRST YR. : INDIAN SCHOOL OF MINES,DHANBAD : rc_ism@yahoo.co.in
SHASHANK DEWANGAN : FIRST YR. : INDIAN SCHOOL OF MINES,DHANBAD : 
VIJAY KUMAR  : FIRST YR. : INDIAN SCHOOLM OF MINES,DHANBAD : 
INDIAN SCHOOL OF MINES , DHANBAD (JHARKHAND)
i


I182ASHISH MAHAJAN : FIRST YEAR : INDIAN SCHOOL OF MINES DHANBAD : stolenash@indiatimes.com
DWARIKA NATH PATRO : FIRST YEAR : ISM DHANBAD : 
JITEN MISHRA : FIRST YEAR : ISM DHANBAD : 
ROOM NO. 126 
OPAL HOSTEL
ISM DHANBAD
i


I183ASHISH MAHAJAN : FIRST YEAR : INDIAN SCHOOL OF MINES DHANBAD : stolenash@indiatimes.com
DWARIKA NATH PATRO : FIRST YEAR : ISM DHANBAD : 
JITEN MISHRA : FIRST YEAR : ISM DHANBAD : 
ROOM NO. 126 
OPAL HOSTEL
ISM DHANBAD
i


I184ASHISH MAHAJAN : FIRST YEAR : INDIAN SCHOOL OF MINES DHANBAD : stolenash@indiatimes.com
DWARIKA NATH PATRO : FIRST YEAR : ISM DHANBAD : 
JITEN MISHRA : FIRST YEAR : ISM DHANBAD : 
ROOM NO. 126 
OPAL HOSTEL
ISM DHANBAD
i


I185ASHISH MAHAJAN : FIRST YEAR : INDIAN SCHOOL OF MINES DHANBAD : stolenash@indiatimes.com
DWARIKA NATH PATRO : FIRST YEAR : ISM DHANBAD : 
JITEN MISHRA : FIRST YEAR : ISM DHANBAD : 
ROOM NO. 126 
OPAL HOSTEL
ISM DHANBAD
i


I186ASHISH MAHAJAN : FIRST YEAR : INDIAN SCHOOL OF MINES DHANBAD : stolenash@indiatimes.com
DWARIKA NATH PATRO : FIRST YEAR : ISM DHANBAD : 
JITEN MISHRA : FIRST YEAR : ISM DHANBAD : 
ROOM NO. 126 
OPAL HOSTEL
ISM DHANBAD
i


I187ASHISH MAHAJAN : FIRST YEAR : INDIAN SCHOOL OF MINES DHANBAD : stolenash@indiatimes.com
DWARIKA NATH PATRO : FIRST : INDIAN SCHOOL OF MINES : 
JITEN MISHRA : FIRST : INDIAN SCHOOL OF MINES : 
ROOM NO. 126
OPAL HOSTEL
INDIAN SCHOOL OF MINES
DHANBAD
i


I188Patil  K S : third year mechanical : Dr.B A M U. : hrishismart007@rediffmail.com
 :  :  : 
 :  :  : 
6-prabhat colony, Behind ADCC bank, Adalat Road, Aurangabad, Mahashtra 431001
i


I189Deepak Gupta : 3rd year : Guru Govind Singh Indraprastha University, Delhi,India : gdeepak2001@indiatimes.com
Rhythm Diwan : 3rd year : Guru Govind Singh Indraprastha University, Delhi,India : rdx_ddx@hotmail.com
 :  :  : 
A-12 , Swarn Singh Road , Adarsh Nagar , Delhi-110033
i


I190Ankur Garg : 3 : IITM : anx_g@yahoo.com
Angad Singh : 3 : IITM : 
 :  :  : 
	358 Alakananda
IIT Madras
Chennai 600036
i


I191Nitin Garg : Third : U.P.T.U,Lucknow : lovesweetnitin@yahoo.com
 :  :  : 
 :  :  : 
Room no. 234,JSS Off campus boys hostel,Bishanpura,Sector-58,Noida-201301 (U.P)
i


I192Sumit Juneja : 3rd year (Mechanical & Automation) : Indraprastha University Delhi : sumit_juneja@hotmail.com
Amit Kr. Sharma : 3rd year (Mechanical & Automation) : Indraprastha University Delhi : aksaqua@rediffmail.com
 :  :  : 
72,Nehru Apartments Outer Ring Road Kalkaji New Delhi- 110019
i


I193Puneet.H.S : II year : NITK SURATKAL : eee02383@nitk.ac.in
 :  :  : 
 :  :  : 
no 919 ,4 cross,16 main,BTM II stage,mico LYT,
bangalore 76  
i


I194sudhanshu singh : 5th semester , 3rd year : gujarat university : anshu_therock@yahoo.com
hage habung : 5th semester , 3rd year : gujarat university : hage_habung@indiatimes.com
jitendra gupta : 5th semester , 3rd year : gujarat university : starhunter_83@yahoo.com
room no 554/7, sector -16, j-2 type, gandhinagar,
gujarat
i


I195Bhoopendra Singh : 2003 : M. G. Kashi Vidyapith, Varanasi : bhoopendra_mgkvp@hotmail.com
 :  :  : 
 :  :  : 
Q. No. 501/H, D.L.W., Varanasi
i


I196Ebenezer Muthiah : II EEE : Karunya Institute of Technology - Anna University : ebe842000@yahoo.com
Johnny Jacob . D : II CSE : Karunya Institute of Technology - Anna University : johnny123in@yahoo.co.in
 :  :  : 
Ebenezer Muthiah ( II EEE )
Rooom No: 75
DMB - Mens Hostel
Karunya Institute of Technology
Karunya Nagar
Coimbatore - 641114
Tamilnadu
India
i


I197Richa Rastogi : 3rd year : Nagpur University : vikas388@yahoo.co.in
Vikas : 3rd year : Nagpur University : vikas388@yahoo.co.in
Abhishek Vijaywargiya : 3rd year : Nagpur University : ankurthehandsomeboy@rediffmail.com
Abhishek Vijaywargiya, S/O Shri R.K.Vijaywargiya, 14, Vasant-Vihar, Teachers Colony, Karla Road, Pipri, Wardha, Maharashtra, 442001
i


I198Rohit de Sa : First Year Junior College : Jai Hind College : rohitdesa@hotmail.com
Anirudh Easwar : First Year Junior College : Jai Hind College : anirudh86@hotmail.com
Saket Tawde : First Year Junior College : Jai Hind College : saks37@hotmail.com
3A, Zerlina,
Litte Gibbs Road,
Malabar Hill,
Mumbai - 400006,
India
i


W101Ivan Ng : 4 : Nanyang Technological University, Singapore : ivan_ng@pmail.ntu.edu.sg
 :  :  : 
 :  :  : 
Blk 716, Ang Mo Kio Ave 6, #06-4026, 
Singapore 560716
iw


I199rahul singh : 2 : iitb : 1.rahul@indiatimes.com
devendra dubey : 2 : iitb : devendra@areo.iitb.ac.in
prashant deshlehra : 2 : iitb : pradesh@iitb.ac.in
#271,h4,iitb,powai,mumbai-400076
i


